Classifier,acc_r,acc_f,diff,error
AdaBoostClassifier,0.7948,0.79588,0.00106,
Average,0.7516,0.79534,0.00262,0.0015400000000000001
DecisionTreeClassifier,0.7546,0.7486200000000001,0.006,
LogisticRegression,0.795,0.795,0.0,
RandomForestClassifier,0.7887,0.7921,0.0034200000000000003,
