Classifier,acc_r,acc_f,diff,error
AdaBoostClassifier,0.5197,0.5944,0.12290000000000001,0.05612
Average,0.5584,0.57132,0.04022,0.014179999999999998
DecisionTreeClassifier,0.6669,0.67086,0.0046,0.006559999999999999
LogisticRegression,0.3153,0.28525999999999996,0.0301,0.0034799999999999996
RandomForestClassifier,0.7315,0.73476,0.0032600000000000003,0.00276
