Classifier,acc_r,acc_f,diff,error
AdaBoostClassifier,0.5507,0.5460200000000001,0.0812,
Average,0.67178,0.54838,0.023039999999999998,0.0203
DecisionTreeClassifier,0.6751,0.6685000000000001,0.006559999999999999,
LogisticRegression,0.3171,0.3165,0.0021,
RandomForestClassifier,0.7325,0.7301599999999999,0.00232,
