Classifier,acc_r,acc_f,diff,error
AdaBoostClassifier,0.5198400000000001,0.54218,0.04238,0.03488
Average,0.55826,0.5637800000000001,0.012820000000000002,0.00894
DecisionTreeClassifier,0.6674,0.66722,0.00484,0.00506
LogisticRegression,0.31520000000000004,0.3153,0.0024000000000000002,0.00344
RandomForestClassifier,0.7305400000000001,0.7304,0.0016999999999999997,0.00378
