Classifier,acc_r,acc_f,diff,error
AdaBoostClassifier,0.7999400000000001,0.79638,0.00404,0.00424
Average,0.78246,0.78032,0.00298,0.00202
DecisionTreeClassifier,0.74644,0.74284,0.00478,0.00412
LogisticRegression,0.79444,0.79444,0.0,0.00354
RandomForestClassifier,0.78896,0.78754,0.00318,0.0039
