Classifier,acc_r,acc_f,diff,error
AdaBoostClassifier,0.7638,0.7639400000000001,0.00122,
Average,0.7088,0.76384,0.0038199999999999996,0.0028799999999999997
DecisionTreeClassifier,0.7149,0.70274,0.012140000000000001,
LogisticRegression,0.7583,0.7583,0.0,
RandomForestClassifier,0.7526,0.75082,0.0018599999999999999,
