Classifier,acc_r,acc_f,diff,error
AdaBoostClassifier,0.7948,0.7937200000000001,0.0016799999999999999,
Average,0.75136,0.79428,0.0028799999999999997,0.00162
DecisionTreeClassifier,0.755,0.7477,0.007300000000000001,
LogisticRegression,0.795,0.795,0.0,
RandomForestClassifier,0.7892,0.78688,0.00258,
