Classifier,acc_r,acc_f,diff,error
AdaBoostClassifier,0.76232,0.7664799999999999,0.00418,0.0027
Average,0.74676,0.7461800000000001,0.0035000000000000005,0.00148
DecisionTreeClassifier,0.70916,0.70614,0.006320000000000001,0.0032
LogisticRegression,0.7598,0.7598,0.0,0.00302
RandomForestClassifier,0.75572,0.75224,0.0034799999999999996,0.00296
