Classifier,acc_r,acc_f,diff,error
AdaBoostClassifier,0.7624,0.7516999999999999,0.01072,0.0030199999999999997
Average,0.7474,0.72812,0.0212,0.00216
DecisionTreeClassifier,0.7087,0.68062,0.03578,0.006279999999999999
LogisticRegression,0.76,0.76,0.0,0.0031
RandomForestClassifier,0.7585,0.72022,0.03828,0.00386
