Classifier,acc_r,acc_f,diff,error
AdaBoostClassifier,0.5197,0.27208,0.2476,0.02276
Average,0.5584,0.26486,0.2954,0.006340000000000001
DecisionTreeClassifier,0.6669,0.24908000000000002,0.41782,0.0087
LogisticRegression,0.3153,0.26894,0.05398000000000001,0.004280000000000001
RandomForestClassifier,0.7315,0.26934,0.46218000000000004,0.00466
